ACARA ID,School Name,Suburb,State,Postcode,Type,Sector,Status,Geolocation,Parent School ID,AGE ID,Latitude,Longitude,StateProvinceID
41594,Airds High School,Campbelltown,NSW,2560,Secondary,Gov,Open,Major Cities,41594,46504,-34.0869,150.827,000008493
42936,Albion Park High School,Albion Park,NSW,2527,Secondary,Gov,Open,Major Cities,42936,54950,-34.5767,150.773,000008586
42689,Albury High School,Albury,NSW,2640,Secondary,Gov,Open,Inner Regional,42689,50438,-36.0728,146.915,000008101
41184,Alexandria Park Community School,Alexandria,NSW,2015,Combined,Gov,Open,Major Cities,41184,46425,-33.9002,151.196,000008556
42405,Alstonville High School,Alstonville,NSW,2477,Secondary,Gov,Open,Inner Regional,42405,54740,-28.8399,153.434,000008578
41607,Ambarvale High School,Rosemeadow,NSW,2560,Secondary,Gov,Open,Major Cities,41607,54941,-34.1006,150.801,000008570
42533,Ardlethan Central School,Ardlethan,NSW,2665,Combined,Gov,Open,Outer Regional,42533,50519,-34.3541,146.901,000001051
42534,Ariah Park Central School,Ariah Park,NSW,2665,Combined,Gov,Open,Outer Regional,42534,50520,-34.3469,147.218,000001055
52723,Armidale Secondary College,Armidale,NSW,2350,Secondary,Gov,Open,Inner Regional,52723,49373,-30.51925421,151.6532283,000008915
41848,Arthur Phillip High School,Parramatta,NSW,2150,Secondary,Gov,Open,Major Cities,41848,46461,-33.8164,151.007,000008892
41585,Ashcroft High School,Ashcroft,NSW,2168,Secondary,Gov,Open,Major Cities,41585,46380,-33.9204,150.897,000008397
41189,Ashfield Boys High School,Ashfield,NSW,2131,Secondary,Gov,Open,Major Cities,41189,45966,-33.8895,151.129,000008832
42412,Ashford Central School,Ashford,NSW,2361,Combined,Gov,Open,Outer Regional,42412,49412,-29.3213,151.095,000001066
41330,Asquith Boys High School,Asquith,NSW,2077,Secondary,Gov,Open,Major Cities,41330,47672,-33.6923,151.103,000008245
41326,Asquith Girls High School,Asquith,NSW,2077,Secondary,Gov,Open,Major Cities,41326,47673,-33.6897,151.113,000008222
41571,Auburn Girls High School,Auburn,NSW,2144,Secondary,Gov,Open,Major Cities,41571,46471,-33.8429,151.034,000008253
51456,Aurora College,Lane Cove North,NSW,2066,Secondary,Gov,Open,Major Cities,51456,85787,-33.7897,151.1607,000008912
40761,Awabakal Environmental Education Centre,Shortland,NSW,2307,Combined,Gov,Open,Major Cities,40761,64093,-32.8761,151.696,000005458
42383,Ballina Coast High School,Ballina,NSW,2478,Secondary,Gov,Open,Inner Regional,42383,49764,-28.8666,153.565,000008195
42535,Balranald Central School,Balranald,NSW,2715,Combined,Gov,Open,Outer Regional,42535,46377,-34.6363,143.564,000001115
41572,Bankstown Girls High School,Bankstown,NSW,2200,Secondary,Gov,Open,Major Cities,41572,46340,-33.9208,151.032,000008254
40638,Bankstown Senior College,Bankstown,NSW,2200,Secondary,Gov,Open,Major Cities,40638,55388,-33.9291,151.023,000008381
42387,Banora Point High School,Banora Point,NSW,2486,Secondary,Gov,Open,Major Cities,42387,56648,-28.2155,153.525,000008282
42942,Baradine Central School,Baradine,NSW,2396,Combined,Gov,Open,Remote,42942,46402,-30.9507,149.07,000001130
42536,Barellan Central School,Barellan,NSW,2665,Combined,Gov,Open,Outer Regional,42536,50521,-34.2878,146.572,000001131
42710,Barham High School,Barham,NSW,2732,Secondary,Gov,Open,Outer Regional,42710,50671,-35.623,144.132,000008461
42415,Barraba Central School,Barraba,NSW,2347,Combined,Gov,Open,Outer Regional,42415,49371,-30.3824,150.599,000001140
41342,Barrenjoey High School,Avalon Beach,NSW,2107,Secondary,Gov,Open,Major Cities,41342,47719,-33.6312,151.334,000008454
41567,Bass High School,Bass Hill,NSW,2197,Secondary,Gov,Open,Major Cities,41567,48570,-33.8979,150.989,000008223
42935,Batemans Bay High School,Batehaven,NSW,2536,Secondary,Gov,Open,Inner Regional,42935,54942,-35.729,150.195,000008581
42540,Batlow Technology School,Batlow,NSW,2730,Combined,Gov,Open,Outer Regional,42540,46415,-35.523,148.147,000001152
41828,Baulkham Hills High School,Baulkham Hills,NSW,2153,Secondary,Gov,Open,Major Cities,41828,47852,-33.7502,150.991,000008464
42907,Bega High School,Bega,NSW,2550,Secondary,Gov,Open,Outer Regional,42907,50182,-36.6767,149.839,000008165
42385,Bellingen High School,Bellingen,NSW,2454,Secondary,Gov,Open,Inner Regional,42385,46362,-30.4551,152.908,000008258
42097,Belmont High School,Belmont,NSW,2280,Secondary,Gov,Open,Major Cities,42097,48739,-33.02720541,151.6595878,000008203
41612,Belmore Boys High School,Belmore,NSW,2192,Secondary,Gov,Open,Major Cities,41612,46391,-33.91059661,151.0850641,000008804
41573,Beverly Hills Girls High School,Beverly Hills,NSW,2209,Secondary,Gov,Open,Major Cities,41573,56164,-33.9477,151.078,000008255
42713,Billabong High School,Culcairn,NSW,2660,Secondary,Gov,Open,Inner Regional,42713,50513,-35.6609,147.044,000008503
42420,Bingara Central School,Bingara,NSW,2404,Combined,Gov,Open,Outer Regional,42420,49506,-29.8667,150.567,000001234
42945,Binnaway Central School,Binnaway,NSW,2395,Combined,Gov,Open,Outer Regional,42945,56165,-31.5528,149.375,000001237
41564,Birrong Boys High School,Birrong,NSW,2143,Secondary,Gov,Open,Major Cities,41564,47795,-33.894,151.025,000008213
41614,Birrong Girls High School,Birrong,NSW,2143,Secondary,Gov,Open,Major Cities,41614,47796,-33.8895,151.026,000008854
41812,Blacktown Boys High School,Blacktown,NSW,2148,Secondary,Gov,Open,Major Cities,41812,47827,-33.7621,150.913,000008244
41808,Blacktown Girls High School,Blacktown,NSW,2148,Secondary,Gov,Open,Major Cities,41808,47828,-33.762,150.911,000008224
41158,Blakehurst High School,Blakehurst,NSW,2221,Secondary,Gov,Open,Major Cities,41158,44403,-33.9804,151.113,000008236
41836,Blaxland High School,Blaxland,NSW,2774,Secondary,Gov,Open,Major Cities,41836,50838,-33.7542,150.609,000008522
43114,Blayney High School,Blayney,NSW,2799,Secondary,Gov,Open,Inner Regional,43114,50998,-33.531,149.251,000008357
42423,Boggabilla Central School,Boggabilla,NSW,2409,Combined,Gov,Open,Outer Regional,42423,54959,-28.6166,150.362,000001275
42920,Bomaderry High School,Bomaderry,NSW,2541,Secondary,Gov,Open,Inner Regional,42920,46500,-34.844,150.603,000008448
42926,Bombala High School,Bombala,NSW,2632,Secondary,Gov,Open,Outer Regional,42926,46374,-36.9176,149.232,000008486
42155,Bonalbo Central School,Bonalbo,NSW,2469,Combined,Gov,Open,Outer Regional,42155,46443,-28.7355,152.624,000001290
41574,Bonnyrigg High School,Bonnyrigg,NSW,2177,Secondary,Gov,Open,Major Cities,41574,46381,-33.895,150.893,000008260
42736,Boorowa Central School,Boorowa,NSW,2586,Combined,Gov,Open,Inner Regional,42736,50284,-34.4367,148.726,000001313
41609,Bossley Park High School,Bossley Park,NSW,2176,Secondary,Gov,Open,Major Cities,41609,54943,-33.87091327,150.8747396,000008582
43112,Bourke High School,Bourke,NSW,2840,Secondary,Gov,Open,Very Remote,43112,46449,-30.0915,145.949,000008355
40745,Bournda Environmental Education Centre,Kalaru,NSW,2550,Combined,Gov,Open,Outer Regional,40745,64077,-36.791,149.927,000005679
42904,Bowral High School,Bowral,NSW,2576,Secondary,Gov,Open,Inner Regional,42904,50239,-34.4888,150.423,000008104
42159,Bowraville Central School,Bowraville,NSW,2449,Combined,Gov,Open,Inner Regional,42159,46363,-30.6453,152.854,000001336
40637,Bradfield College,St Leonards,NSW,2065,Secondary,Gov,Open,Major Cities,40637,55386,-33.8205,151.188,000008599
42739,Braidwood Central School,Braidwood,NSW,2622,Combined,Gov,Open,Inner Regional,42739,50415,-35.4406,149.799,000001340
42949,Brewarrina Central School,Brewarrina,NSW,2839,Combined,Gov,Open,Very Remote,42949,46450,-29.9637,146.859,000001350
40746,Brewongle Environmental Education Centre,Sackville North,NSW,2756,Combined,Gov,Open,Inner Regional,40746,64078,-33.4817,150.892,000005694
42106,Brisbane Water Secondary College Umina Campus,Umina Beach,NSW,2257,Secondary,Gov,Open,Major Cities,42106,8704,-33.5074,151.308,000008513
40440,Brisbane Water Secondary College Woy Woy Campus,Woy Woy,NSW,2256,Secondary,Gov,Open,Major Cities,40440,46489,-33.4927,151.324,000008374
43098,Broken Hill High School,Broken Hill,NSW,2880,Secondary,Gov,Open,Outer Regional,43098,46480,-31.9601,141.457,000008105
42162,Bulahdelah Central School,Bulahdelah,NSW,2423,Combined,Gov,Open,Inner Regional,42162,46431,-32.4134,152.212,000001402
42938,Bulli High School,Bulli,NSW,2516,Secondary,Gov,Open,Major Cities,42938,49990,-34.3372,150.921,000008878
42427,Bundarra Central School,Bundarra,NSW,2359,Combined,Gov,Open,Outer Regional,42427,49397,-30.1684,151.078,000001415
53158,Bungendore High School,Bungendore,NSW,2621,Secondary,Gov,Open,Inner Regional,53158,88427,-35.25488009,149.4457907,000008919
41153,Burwood Girls High School,Croydon,NSW,2132,Secondary,Gov,Open,Major Cities,41153,47776,-33.8753,151.113,000008152
42404,Byron Bay High School,Byron Bay,NSW,2481,Secondary,Gov,Open,Inner Regional,42404,56182,-28.6676,153.616,000008577
41563,Cabramatta High School,Cabramatta,NSW,2166,Secondary,Gov,Open,Major Cities,41563,46383,-33.9014,150.929,000008209
40530,Callaghan College Jesmond Senior Campus,Jesmond,NSW,2299,Secondary,Gov,Open,Major Cities,40530,49115,-32.9015,151.696,000008880
42101,Callaghan College Wallsend Campus,Wallsend,NSW,2287,Secondary,Gov,Open,Major Cities,42101,9028,-32.893,151.669,000008259
42122,Callaghan College Waratah Campus,Waratah,NSW,2298,Secondary,Gov,Open,Major Cities,42122,6441,-32.905,151.729,000008508
41835,Cambridge Park High School,Cambridge Park,NSW,2747,Secondary,Gov,Open,Major Cities,41835,50685,-33.7522,150.733,000008516
42386,Camden Haven High School,Laurieton,NSW,2443,Secondary,Gov,Open,Inner Regional,42386,56625,-31.6394,152.736,000008280
41566,Camden High School,Camden,NSW,2570,Secondary,Gov,Open,Major Cities,41566,50219,-34.0793,150.676,000008217
40747,Camden Park Environmental Education Centre,Menangle,NSW,2568,Combined,Gov,Open,Major Cities,40747,64079,-34.12,150.71,000005429
51454,Cammeraygal High School,Crows Nest,NSW,2065,Secondary,Gov,Open,Major Cities,51454,70230,-33.8317,151.203,000008910
41558,Campbelltown Performing Arts High School,Campbelltown,NSW,2560,Secondary,Gov,Open,Major Cities,41558,50201,-34.0601,150.823,000008180
41583,Canley Vale High School,Canley Vale,NSW,2166,Secondary,Gov,Open,Major Cities,41583,46466,-33.8846,150.952,000008393
43116,Canobolas Rural Technology High School,Orange,NSW,2800,Secondary,Gov,Open,Inner Regional,43116,46343,-33.2908,149.122,000008444
43123,Canowindra High School,Canowindra,NSW,2804,Secondary,Gov,Open,Inner Regional,43123,51018,-33.5576,148.671,000008518
41147,Canterbury Boys High School,Canterbury,NSW,2193,Secondary,Gov,Open,Major Cities,41147,46392,-33.904178,151.123,000008107
41187,Canterbury Girls High School,Canterbury,NSW,2193,Secondary,Gov,Open,Major Cities,41187,46393,-33.9073,151.123,000008806
42136,Cardiff High School,Cardiff,NSW,2285,Secondary,Gov,Open,Major Cities,42136,48999,-32.9514,151.67,000008903
41159,Caringbah High School,Caringbah,NSW,2229,Secondary,Gov,Open,Major Cities,41159,48650,-34.0336,151.121,000008240
41341,Carlingford High School,Carlingford,NSW,2118,Secondary,Gov,Open,Major Cities,41341,47751,-33.7659,151.051,000008447
40748,Cascade Environmental Education Centre,Cascade,NSW,2453,Combined,Gov,Open,Outer Regional,40748,64080,-30.2335,152.79,000005731
42378,Casino High School,Casino,NSW,2470,Secondary,Gov,Open,Inner Regional,42378,49731,-28.8452,153.044,000008154
41334,Castle Hill High School,Castle Hill,NSW,2154,Secondary,Gov,Open,Major Cities,41334,47864,-33.7266,151,000008382
41592,Casula High School,Casula,NSW,2170,Secondary,Gov,Open,Major Cities,41592,46505,-33.9512,150.894,000008476
41578,Cecil Hills High School,Cecil Hills,NSW,2171,Secondary,Gov,Open,Major Cities,41578,54747,-33.8957,150.852,000008273
41167,Central Sydney Intensive English High School,Alexandria,NSW,2015,Secondary,Gov,Open,Major Cities,41167,88745,-33.9,151.194,000008288
52933,Centre of Excellence in Agricultural Education,Richmond,NSW,2753,Secondary,Gov,Open,Major Cities,52933,89126,-33.61539908,150.7473504,000008914
42089,Cessnock High School,Cessnock,NSW,2325,Secondary,Gov,Open,Major Cities,42089,46420,-32.843,151.369,000008108
42395,Chatham High School,Taree,NSW,2430,Secondary,Gov,Open,Inner Regional,42395,49545,-31.8958,152.481,000008414
41328,Chatswood High School,Chatswood,NSW,2067,Secondary,Gov,Open,Major Cities,41328,47619,-33.8,151.175,000008232
41324,Cheltenham Girls High School,Beecroft,NSW,2119,Secondary,Gov,Open,Major Cities,41324,47759,-33.7565,151.073,000008208
41350,Cherrybrook Technology High School,Cherrybrook,NSW,2126,Secondary,Gov,Open,Major Cities,41350,55111,-33.7199,151.038,000008592
41577,Chester Hill High School,Chester Hill,NSW,2162,Secondary,Gov,Open,Major Cities,41577,46469,-33.8748,150.997,000008269
41838,Chifley College Bidwill Campus,Bidwill,NSW,2770,Secondary,Gov,Open,Major Cities,41838,17407,-33.7339,150.827,000008528
41830,Chifley College Dunheved Campus,North St Marys,NSW,2760,Secondary,Gov,Open,Major Cities,41830,6354,-33.7496,150.783,000008488
41827,Chifley College Mount Druitt Campus,Mount Druitt,NSW,2770,Secondary,Gov,Open,Major Cities,41827,6356,-33.7451,150.814,000008459
40436,Chifley College Senior Campus,Mount Druitt,NSW,2770,Secondary,Gov,Open,Major Cities,40436,46360,-33.7693,150.83,000008473
41831,Chifley College Shalvey Campus,Shalvey,NSW,2770,Secondary,Gov,Open,Major Cities,41831,10820,-33.7308,150.806,000008496
43113,Cobar High School,Cobar,NSW,2835,Secondary,Gov,Open,Remote,43113,46481,-31.5016,145.828,000008356
42372,Coffs Harbour High School,Coffs Harbour,NSW,2450,Secondary,Gov,Open,Inner Regional,42372,86655,-30.3055,153.136,000008109
40624,Coffs Harbour Senior College,Coffs Harbour,NSW,2450,Secondary,Gov,Open,Inner Regional,40624,54742,-30.3302,153.103,000008272
42669,Coleambally Central School,Coleambally,NSW,2707,Combined,Gov,Open,Outer Regional,42669,50620,-34.8042,145.884,000004348
42431,Collarenebri Central School,Collarenebri,NSW,2833,Combined,Gov,Open,Remote,42431,46403,-29.5438,148.578,000001589
41837,Colo High School,North Richmond,NSW,2754,Secondary,Gov,Open,Major Cities,41837,50734,-33.5694,150.708,000008526
41824,Colyton High School,St Marys,NSW,2760,Secondary,Gov,Open,Major Cities,41824,46353,-33.7776,150.797,000008443
41600,Concord High School,Concord,NSW,2137,Secondary,Gov,Open,Major Cities,41600,47783,-33.8644,151.109,000008535
41586,Condell Park High School,Condell Park,NSW,2200,Secondary,Gov,Open,Major Cities,41586,48579,-33.9236,151.002,000008398
43108,Condobolin High School,Condobolin,NSW,2877,Secondary,Gov,Open,Outer Regional,43108,46482,-33.0918,147.143,000008346
41152,Conservatorium High School,Sydney,NSW,2000,Secondary,Gov,Open,Major Cities,41152,45319,-33.8634,151.214,000008147
42963,Coolah Central School,Coolah,NSW,2843,Combined,Gov,Open,Outer Regional,42963,51066,-31.821,149.724,000001621
42560,Coolamon Central School,Coolamon,NSW,2701,Combined,Gov,Open,Inner Regional,42560,50552,-34.8119,147.201,000001624
43121,Coomealla High School,Dareton,NSW,2717,Secondary,Gov,Open,Outer Regional,43121,46378,-34.096,142.06,000008494
43109,Coonabarabran High School,Coonabarabran,NSW,2357,Secondary,Gov,Open,Outer Regional,43109,46404,-31.282773,149.28376,000008347
43117,Coonamble High School,Coonamble,NSW,2829,Secondary,Gov,Open,Remote,43117,46458,-30.9553,148.391,000008451
42699,Cootamundra High School,Cootamundra,NSW,2590,Secondary,Gov,Open,Inner Regional,42699,46416,-34.6354,148.017,000008190
42702,Corowa High School,Corowa,NSW,2646,Secondary,Gov,Open,Inner Regional,42702,50464,-35.9937,146.381,000008308
42909,Corrimal High School,Corrimal,NSW,2518,Secondary,Gov,Open,Major Cities,42909,46434,-34.3754,150.91,000008191
43103,Cowra High School,Cowra,NSW,2794,Secondary,Gov,Open,Inner Regional,43103,50970,-33.8159,148.69,000008148
41844,Cranebrook High School,Cranebrook,NSW,2749,Secondary,Gov,Open,Major Cities,41844,55109,-33.7217,150.71,000008580
41839,Crestwood High School,Baulkham Hills,NSW,2153,Secondary,Gov,Open,Major Cities,41839,47855,-33.7436,150.976,000008552
41164,Cronulla High School,Cronulla,NSW,2230,Secondary,Gov,Open,Major Cities,41164,48657,-34.0396,151.157,000008261
42922,Crookwell High School,Crookwell,NSW,2583,Secondary,Gov,Open,Inner Regional,42922,46388,-34.4528,149.467,000008452
41849,Cumberland High School,Carlingford,NSW,2118,Secondary,Gov,Open,Major Cities,41849,47754,-33.7852,151.037,000008905
42912,Dapto High School,Dapto,NSW,2530,Secondary,Gov,Open,Major Cities,42912,50035,-34.4991,150.786,000008204
41344,Davidson High School,Frenchs Forest,NSW,2086,Secondary,Gov,Open,Major Cities,41344,47681,-33.7447,151.205,000008479
42700,Deniliquin High School,Deniliquin,NSW,2710,Secondary,Gov,Open,Inner Regional,42700,50623,-35.53565973,144.960671,000008218
43097,"Denison College of Secondary Education, Bathurst High Campus",Bathurst,NSW,2795,Secondary,Gov,Open,Inner Regional,43097,50974,-33.4134,149.57,000008103
43122,"Denison College of Secondary Education, Kelso High Campus",Kelso,NSW,2795,Secondary,Gov,Open,Inner Regional,43122,16223,-33.4105,149.614,000008517
41820,Doonside High School,Doonside,NSW,2767,Secondary,Gov,Open,Major Cities,41820,46397,-33.7547,150.874,000008399
42396,Dorrigo High School,Dorrigo,NSW,2453,Secondary,Gov,Open,Inner Regional,42396,49671,-30.3386,152.707,000008453
40749,Dorroughby Environmental Education Centre,Dorroughby,NSW,2480,Combined,Gov,Open,Inner Regional,40749,64081,-28.6566,153.352,000005683
43124,Dubbo College Delroy Campus,Dubbo West,NSW,2830,Secondary,Gov,Open,Inner Regional,43124,6451,-32.2516,148.583,000008543
40707,Dubbo College Senior Campus,Dubbo,NSW,2830,Secondary,Gov,Open,Inner Regional,40707,57696,-32.233,148.626,000008110
43115,Dubbo College South Campus,Dubbo,NSW,2830,Secondary,Gov,Open,Inner Regional,43115,11042,-32.2708,148.611,000008417
43085,Dubbo School of Distance Education,Dubbo,NSW,2830,Combined,Gov,Open,Inner Regional,43085,55676,-32.2432,148.639,000004587
41190,Dulwich High School of Visual Arts and Design,Dulwich Hill,NSW,2203,Secondary,Gov,Open,Major Cities,41190,56198,-33.904,151.145,000008833
42974,Dunedoo Central School,Dunedoo,NSW,2844,Combined,Gov,Open,Outer Regional,42974,51067,-32.0183,149.392,000001789
42119,Dungog High School,Dungog,NSW,2420,Secondary,Gov,Open,Inner Regional,42119,49518,-32.3968,151.75,000008472
41606,Eagle Vale High School,Eagle Vale,NSW,2558,Secondary,Gov,Open,Major Cities,41606,46506,-34.0399,150.804,000008569
41562,East Hills Boys High School,Panania,NSW,2213,Secondary,Gov,Open,Major Cities,41562,48615,-33.9572,150.994,000008206
41561,East Hills Girls Technology High School,Panania,NSW,2213,Secondary,Gov,Open,Major Cities,41561,48616,-33.9569,150.992,000008187
42927,Eden Marine High School,Eden,NSW,2551,Secondary,Gov,Open,Outer Regional,42927,50193,-37.0553,149.907,000008487
41597,Elderslie High School,Elderslie,NSW,2570,Secondary,Gov,Open,Major Cities,41597,50224,-34.0526,150.715,000008521
41610,Elizabeth Macarthur High School,Narellan,NSW,2567,Secondary,Gov,Open,Major Cities,41610,55114,-34.0571,150.74,000008584
42439,Emmaville Central School,Emmaville,NSW,2371,Combined,Gov,Open,Outer Regional,42439,49424,-29.4462,151.602,000001838
41170,Endeavour Sports High School,Caringbah,NSW,2229,Secondary,Gov,Open,Major Cities,41170,48652,-34.0318,151.119,000008404
41172,Engadine High School,Engadine,NSW,2233,Secondary,Gov,Open,Major Cities,41172,48666,-34.0621,151.019,000008432
41353,Epping Boys High School,Eastwood,NSW,2122,Secondary,Gov,Open,Major Cities,41353,54237,-33.7695,151.1,000008884
42109,Erina High School,Erina,NSW,2250,Secondary,Gov,Open,Major Cities,42109,48675,-33.4403,151.382,000008405
41845,Erskine Park High School,Erskine Park,NSW,2759,Secondary,Gov,Open,Major Cities,41845,54957,-33.808,150.803,000008590
41823,Evans High School,Blacktown,NSW,2148,Secondary,Gov,Open,Major Cities,41823,46355,-33.7865,150.89,000008420
42212,Evans River Community School,Evans Head,NSW,2473,Combined,Gov,Open,Inner Regional,42212,55987,-29.1135,153.425,000001886
41601,Fairfield High School,Fairfield,NSW,2165,Secondary,Gov,Open,Major Cities,41601,46467,-33.8652,150.959,000008550
41590,Fairvale High School,Fairfield West,NSW,2165,Secondary,Gov,Open,Major Cities,41590,46468,-33.8736,150.929,000008456
42515,Farrer Memorial Agricultural High School,Calala,NSW,2340,Secondary,Gov,Open,Inner Regional,42515,49346,-31.1385,150.98,000008111
40633,Field of Mars Environmental Education Centre,East Ryde,NSW,2113,Combined,Gov,Open,Major Cities,40633,55118,-33.8161,151.133,000005428
42921,Figtree High School,Figtree,NSW,2525,Secondary,Gov,Open,Major Cities,42921,50012,-34.4384,150.855,000008449
52672,Finigan School of Distance Education,Queanbeyan,NSW,2620,Combined,Gov,Open,Major Cities,52672,85775,-35.35410305,149.22263,000004661
42705,Finley High School,Finley,NSW,2713,Secondary,Gov,Open,Inner Regional,42705,50638,-35.6404,145.573,000008360
40622,Five Islands Secondary College,Port Kembla,NSW,2505,Secondary,Gov,Open,Major Cities,40622,54678,-34.4895,150.912,000008373
43104,Forbes High School,Forbes,NSW,2871,Secondary,Gov,Open,Outer Regional,43104,51100,-33.3646,148.011,000008194
41177,Fort Street High School,Petersham,NSW,2049,Secondary,Gov,Open,Major Cities,41177,47605,-33.8902,151.153,000008504
42114,Francis Greenway High School,Beresfield,NSW,2322,Secondary,Gov,Open,Major Cities,42114,46421,-32.797,151.661,000008439
41345,Galston High School,Galston,NSW,2159,Secondary,Gov,Open,Major Cities,41345,48138,-33.6609,151.042,000008481
41188,Georges River College Hurstville Campus,Hurstville,NSW,2220,Secondary,Gov,Open,Major Cities,41188,8631,-33.9628,151.11,000008813
40681,Georges River College Oatley Senior Campus,Oatley,NSW,2223,Secondary,Gov,Open,Major Cities,40681,57056,-33.977,151.081,000008284
41171,Georges River College Peakhurst Campus,Peakhurst,NSW,2210,Secondary,Gov,Open,Major Cities,41171,8606,-33.9671,151.056,000008408
41192,Georges River College Penshurst Campus,Penshurst,NSW,2222,Secondary,Gov,Open,Major Cities,41192,8634,-33.9641,151.086,000008857
40750,Georges River Environmental Education Centre,Chipping Norton,NSW,2170,Combined,Gov,Open,Major Cities,40750,64082,-33.9085,150.961,000005430
40751,Gibberagong Environmental Education Centre,North Turramurra,NSW,2074,Combined,Gov,Open,Major Cities,40751,64083,-33.6605,151.159,000005714
43110,Gilgandra High School,Gilgandra,NSW,2827,Secondary,Gov,Open,Outer Regional,43110,46453,-31.7051,148.666,000008349
41833,Girraween High School,Girraween,NSW,2145,Secondary,Gov,Open,Major Cities,41833,47804,-33.7989,150.944,000008500
53399,Gledswood Hills High School,Gledswood Hills,NSW,2557,Secondary,Gov,Open,Major Cities,53399,89458,-34.02252057,150.7696296,000008927
42516,Glen Innes High School,Glen Innes,NSW,2370,Secondary,Gov,Open,Inner Regional,42516,49419,-29.7443,151.742,000008114
42117,Glendale Technology High School,Glendale,NSW,2285,Secondary,Gov,Open,Major Cities,42117,46344,-32.9259,151.643,000008466
41814,Glenmore Park High School,Glenmore Park,NSW,2745,Secondary,Gov,Open,Major Cities,41814,55821,-33.791,150.673,000008276
41813,Glenwood High School,Glenwood,NSW,2768,Secondary,Gov,Open,Major Cities,41813,63673,-33.733,150.937,000008268
42392,Gloucester High School,Gloucester,NSW,2422,Secondary,Gov,Open,Inner Regional,42392,49524,-32.0167,151.96,000008371
42986,Goodooga Central School,Goodooga,NSW,2838,Combined,Gov,Open,Very Remote,42986,46406,-29.1159,147.456,000002033
42125,Gorokan High School,Lake Haven,NSW,2263,Secondary,Gov,Open,Major Cities,42125,46371,-33.2422,151.508,000008515
42090,Gosford High School,Gosford,NSW,2250,Secondary,Gov,Open,Major Cities,42090,48678,-33.4172,151.341,000008115
42905,Goulburn High School,Goulburn,NSW,2580,Secondary,Gov,Open,Inner Regional,42905,50255,-34.7472,149.711,000008116
42373,Grafton High School,Grafton,NSW,2460,Secondary,Gov,Open,Inner Regional,42373,49711,-29.6821,152.933,000008117
41613,Granville Boys High School,Granville,NSW,2142,Secondary,Gov,Open,Major Cities,41613,46472,-33.8346,151.009,000008811
41589,Granville South Creative and Performing Arts High School,Guildford,NSW,2161,Secondary,Gov,Open,Major Cities,41589,48144,-33.8606,150.998,000008436
42400,Great Lakes College Forster Campus,Forster,NSW,2428,Secondary,Gov,Open,Inner Regional,42400,6432,-32.2157,152.528,000008534
40676,Great Lakes College Senior Campus,Tuncurry,NSW,2428,Secondary,Gov,Open,Inner Regional,40676,56647,-32.16141619,152.4953369,000008281
42388,Great Lakes College Tuncurry Campus,Tuncurry,NSW,2428,Secondary,Gov,Open,Inner Regional,42388,18072,-32.16210095,152.4957471,000008289
41817,Greystanes High School,Greystanes,NSW,2145,Secondary,Gov,Open,Major Cities,41817,47806,-33.8125,150.94,000008385
42989,Gulargambone Central School,Gulargambone,NSW,2828,Combined,Gov,Open,Outer Regional,42989,46459,-31.33304,148.47486,000002094
43125,Gulgong High School,Gulgong,NSW,2852,Secondary,Gov,Open,Outer Regional,43125,51086,-32.3602,149.54,000008546
42708,Gundagai High School,Gundagai,NSW,2722,Secondary,Gov,Open,Inner Regional,42708,50655,-35.0571,148.099,000008442
42521,Gunnedah High School,Gunnedah,NSW,2380,Secondary,Gov,Open,Outer Regional,42521,49480,-30.9826,150.249,000008188
42447,Guyra Central School,Guyra,NSW,2365,Combined,Gov,Open,Inner Regional,42447,49416,-30.2226,151.677,000002114
41169,Gymea Technology High School,Gymea,NSW,2227,Secondary,Gov,Open,Major Cities,41169,46414,-34.03,151.083,000008386
42390,"Hastings Secondary College, Port Macquarie Campus",Port Macquarie,NSW,2444,Secondary,Gov,Open,Inner Regional,42390,49640,-31.43353738,152.92,000008364
42402,"Hastings Secondary College, Westport Campus",Port Macquarie,NSW,2444,Secondary,Gov,Open,Inner Regional,42402,15117,-31.4353,152.895,000008554
41841,Hawkesbury High School,Freemans Reach,NSW,2756,Secondary,Gov,Open,Major Cities,41841,54984,-33.5595,150.798,000008565
42691,Hay War Memorial High School,Hay,NSW,2711,Secondary,Gov,Open,Outer Regional,42691,50634,-34.5052,144.841,000008119
41161,Heathcote High School,Heathcote,NSW,2233,Secondary,Gov,Open,Major Cities,41161,48667,-34.0823,151.014,000008246
42118,Henry Kendall High School,Gosford,NSW,2250,Secondary,Gov,Open,Major Cities,42118,48680,-33.4217,151.335,000008467
42580,Hillston Central School,Hillston,NSW,2675,Combined,Gov,Open,Remote,42580,46478,-33.4799,145.54,000002165
41588,Holroyd High School,Greystanes,NSW,2145,Secondary,Gov,Open,Major Cities,41588,47808,-33.8331,150.951,000008424
41605,Holsworthy High School,Holsworthy,NSW,2173,Secondary,Gov,Open,Major Cities,41605,56185,-33.9555,150.952,000008564
41555,Homebush Boys High School,Homebush,NSW,2140,Secondary,Gov,Open,Major Cities,41555,46427,-33.8657,151.078,000008151
41319,Hornsby Girls High School,Hornsby,NSW,2077,Secondary,Gov,Open,Major Cities,41319,47669,-33.7066,151.101,000008120
41593,Hoxton Park High School,Hinchinbrook,NSW,2168,Secondary,Gov,Open,Major Cities,41593,46384,-33.92,150.862,000008485
42099,Hunter River High School,Heatherbrae,NSW,2324,Secondary,Gov,Open,Major Cities,42099,46433,-32.7823,151.733,000008219
42135,Hunter School of Performing Arts,Broadmeadow,NSW,2292,Combined,Gov,Open,Major Cities,42135,57545,-32.9248,151.728,000008819
42100,Hunter Sports High School,Gateshead,NSW,2290,Secondary,Gov,Open,Major Cities,42100,49056,-32.9864,151.69,000008233
41323,Hunters Hill High School,Hunters Hill,NSW,2110,Secondary,Gov,Open,Major Cities,41323,47727,-33.8327,151.149,000008207
41554,Hurlstone Agricultural High School,Glenfield,NSW,2167,Secondary,Gov,Open,Major Cities,41554,48523,-33.9704,150.894,000008121
40752,Illawarra Environmental Education Centre,Dunmore,NSW,2529,Combined,Gov,Open,Major Cities,40752,64084,-34.6023,150.86083,000005743
42913,Illawarra Sports High School,Berkeley,NSW,2506,Secondary,Gov,Open,Major Cities,42913,58289,-34.4808,150.853,000008205
41575,Ingleburn High School,Ingleburn,NSW,2565,Secondary,Gov,Open,Major Cities,41575,50214,-34.0051,150.872,000008262
52827,Inner Sydney High School,Surry Hills,NSW,2010,Secondary,Gov,Open,Major Cities,52827,86429,-33.88928,151.20587,000008913
42517,Inverell High School,Inverell,NSW,2360,Secondary,Gov,Open,Outer Regional,42517,56224,-29.7657,151.111,000008122
42129,Irrawang High School,Raymond Terrace,NSW,2324,Secondary,Gov,Open,Major Cities,42129,54964,-32.7615,151.767,000008562
42998,Ivanhoe Central School,Ivanhoe,NSW,2878,Combined,Gov,Open,Very Remote,42998,46476,-32.8985,144.301,000002213
41165,J J Cahill Memorial High School,Mascot,NSW,2020,Secondary,Gov,Open,Major Cities,41165,46422,-33.9278,151.201,000008263
41591,James Busby High School,Green Valley,NSW,2168,Secondary,Gov,Open,Major Cities,41591,46382,-33.9101,150.873,000008460
41193,James Cook Boys High School,Kogarah,NSW,2217,Secondary,Gov,Open,Major Cities,41193,48626,-33.9665,151.137,000008882
42701,James Fallon High School,North Albury,NSW,2640,Secondary,Gov,Open,Inner Regional,42701,50439,-36.0602,146.929,000008266
41595,James Meehan High School,Macquarie Fields,NSW,2564,Secondary,Gov,Open,Major Cities,41595,46507,-33.9884,150.892,000008497
41811,James Ruse Agricultural High School,Carlingford,NSW,2118,Secondary,Gov,Open,Major Cities,41811,47755,-33.7806,151.043,000008235
41840,Jamison High School,South Penrith,NSW,2750,Secondary,Gov,Open,Major Cities,41840,56211,-33.7753,150.698,000008559
53159,Jerrabomberra High School,Jerrabomberra,NSW,2619,Secondary,Gov,Open,Major Cities,53159,88435,-35.38243149,149.1888532,000008922
53268,Jindabyne High School,Jindabyne,NSW,2627,Secondary,Gov,Open,Outer Regional,53268,88561,-36.43050787,148.6108678,000008924
41580,John Edmondson High School,Horningsea Park,NSW,2171,Secondary,Gov,Open,Major Cities,41580,63659,-33.9459,150.843,000008290
42698,Junee High School,Junee,NSW,2663,Secondary,Gov,Open,Inner Regional,42698,46448,-34.8692,147.591,000008179
40744,Kamay Botany Bay Environmental Education Centre,Kurnell,NSW,2231,Combined,Gov,Open,Major Cities,40744,64076,-34.0037,151.221,000005741
42928,Kanahooka High School,Kanahooka,NSW,2530,Secondary,Gov,Open,Major Cities,42928,46367,-34.4947,150.805,000008489
43107,Kandos High School,Kandos,NSW,2848,Secondary,Gov,Open,Inner Regional,43107,46342,-32.8557,149.975,000008318
42930,Karabar High School,Queanbeyan,NSW,2620,Secondary,Gov,Open,Major Cities,42930,46375,-35.3653,149.225,000008524
42105,Kariong Mountains High School,Kariong,NSW,2250,Secondary,Gov,Open,Major Cities,42105,68626,-33.4304,151.296,000008292
41805,Katoomba High School,Katoomba,NSW,2780,Secondary,Gov,Open,Major Cities,41805,50862,-33.7274,150.314,000008150
42932,Keira High School,Fairy Meadow,NSW,2519,Secondary,Gov,Open,Major Cities,42932,50008,-34.4067,150.889,000008541
41829,Kellyville High School,Kellyville,NSW,2155,Secondary,Gov,Open,Major Cities,41829,57208,-33.7078,150.97,000008477
42374,Kempsey High School,Kempsey,NSW,2440,Secondary,Gov,Open,Inner Regional,42374,46364,-31.0694,152.826,000008123
42908,Kiama High School,Kiama,NSW,2533,Secondary,Gov,Open,Major Cities,42908,50047,-34.6807,150.847,000008171
41343,Killara High School,Killara,NSW,2071,Secondary,Gov,Open,Major Cities,41343,47629,-33.7566,151.174,000008457
41338,Killarney Heights High School,Killarney Heights,NSW,2087,Secondary,Gov,Open,Major Cities,41338,47686,-33.7719,151.215,000008422
42133,Kincumber High School,Kincumber,NSW,2251,Secondary,Gov,Open,Major Cities,42133,54954,-33.4649,151.383,000008585
42406,Kingscliff High School,Kingscliff,NSW,2487,Secondary,Gov,Open,Major Cities,42406,55392,-28.2666,153.57,000008579
41162,Kingsgrove High School,Kingsgrove,NSW,2208,Secondary,Gov,Open,Major Cities,41162,48596,-33.9485,151.102,000008247
41156,Kingsgrove North High School,Kingsgrove,NSW,2208,Secondary,Gov,Open,Major Cities,41156,48597,-33.934,151.098,000008221
41826,Kingswood High School,Kingswood,NSW,2747,Secondary,Gov,Open,Major Cities,41826,50698,-33.7714,150.716,000008458
41174,Kirrawee High School,Kirrawee,NSW,2232,Secondary,Gov,Open,Major Cities,41174,48663,-34.0435,151.073,000008437
41168,Kogarah High School,Kogarah,NSW,2217,Secondary,Gov,Open,Major Cities,41168,46337,-33.9612,151.134,000008320
42712,Kooringal High School,Kooringal,NSW,2650,Secondary,Gov,Open,Inner Regional,42712,50482,-35.1429,147.382,000008483
42113,Kotara High School,Adamstown,NSW,2289,Secondary,Gov,Open,Major Cities,42113,49046,-32.9471,151.707,000008423
41337,Ku-ring-gai High School,North Turramurra,NSW,2074,Secondary,Gov,Open,Major Cities,41337,47633,-33.691,151.154,000008416
42095,Kurri Kurri High School,Kurri Kurri,NSW,2327,Secondary,Gov,Open,Major Cities,42095,46345,-32.8101,151.486,000008177
42381,Kyogle High School,Kyogle,NSW,2474,Secondary,Gov,Open,Inner Regional,42381,49754,-28.6258,153.002,000008189
42591,Lake Cargelligo Central School,Lake Cargelligo,NSW,2672,Combined,Gov,Open,Remote,42591,46483,-33.2948,146.374,000002359
42924,Lake Illawarra High School,Lake Illawarra,NSW,2528,Secondary,Gov,Open,Major Cities,42924,46501,-34.5418,150.85,000008474
42098,Lake Macquarie High School,Booragul,NSW,2284,Secondary,Gov,Open,Major Cities,42098,48991,-32.9756,151.614,000008210
42104,Lake Munmorah High School,Lake Munmorah,NSW,2259,Secondary,Gov,Open,Major Cities,42104,56629,-33.1883,151.57489,000008279
42120,Lambton High School,Lambton,NSW,2299,Secondary,Gov,Open,Major Cities,42120,49118,-32.9179,151.722,000008482
42695,Leeton High School,Leeton,NSW,2705,Secondary,Gov,Open,Outer Regional,42695,50557,-34.5468,146.406,000008156
41599,Leumeah High School,Leumeah,NSW,2560,Secondary,Gov,Open,Major Cities,41599,46508,-34.0543,150.847,000008532
43002,Lightning Ridge Central School,Lightning Ridge,NSW,2834,Combined,Gov,Open,Remote,43002,56309,-29.4252,147.979,000002395
52704,Lindfield Learning Village,Lindfield,NSW,2070,Combined,Gov,Open,Major Cities,52704,85782,-33.78950025,151.16112,000004658
42127,Lisarow High School,Lisarow,NSW,2250,Secondary,Gov,Open,Major Cities,42127,54977,-33.3853,151.37,000008544
43099,Lithgow High School,Lithgow,NSW,2790,Secondary,Gov,Open,Inner Regional,43099,50962,-33.4857,150.166,000008125
41560,Liverpool Boys High School,Liverpool,NSW,2170,Secondary,Gov,Open,Major Cities,41560,48535,-33.9172,150.932,000008186
41557,Liverpool Girls High School,Liverpool,NSW,2170,Secondary,Gov,Open,Major Cities,41557,48536,-33.918,150.931,000008176
42595,Lockhart Central School,Lockhart,NSW,2656,Combined,Gov,Open,Outer Regional,42595,50509,-35.2228,146.715,000002418
40753,Longneck Lagoon Environmental Education Centre,Maraylya,NSW,2765,Combined,Gov,Open,Inner Regional,40753,64085,-33.5788,150.894,000005690
42214,Lord Howe Island Central School,Lord Howe Island,NSW,2898,Combined,Gov,Open,Very Remote,42214,51116,-31.5304,159.069,000001921
41166,Lucas Heights Community School,Barden Ridge,NSW,2234,Combined,Gov,Open,Major Cities,41166,54684,-34.0358,151.005,000008271
41587,Lurnea High School,Lurnea,NSW,2170,Secondary,Gov,Open,Major Cities,41587,46509,-33.9417,150.896,000008401
41847,Macarthur Girls High School,Parramatta,NSW,2150,Secondary,Gov,Open,Major Cities,41847,47842,-33.8131,151.012,000008822
42526,Macintyre High School,Inverell,NSW,2360,Secondary,Gov,Open,Outer Regional,42526,46437,-29.7691,151.13,000008490
42379,Macksville High School,Macksville,NSW,2447,Secondary,Gov,Open,Inner Regional,42379,49649,-30.7149,152.917,000008162
42389,Maclean High School,Maclean,NSW,2463,Secondary,Gov,Open,Inner Regional,42389,49726,-29.4664,153.201,000008362
41603,Macquarie Fields High School,Macquarie Fields,NSW,2564,Secondary,Gov,Open,Major Cities,41603,46510,-33.9968,150.885,000008553
42092,Maitland Grossmann High School,East Maitland,NSW,2323,Secondary,Gov,Open,Major Cities,42092,55124,-32.7435,151.592,000008127
42091,Maitland High School,East Maitland,NSW,2323,Secondary,Gov,Open,Major Cities,42091,49191,-32.7474,151.597,000008126
42513,Manilla Central School,Manilla,NSW,2346,Combined,Gov,Open,Outer Regional,42513,49370,-30.7509,150.728,000007305
41181,Marrickville High School,Marrickville,NSW,2204,Secondary,Gov,Open,Major Cities,41181,46394,-33.9058,151.156,000008540
41327,Marsden High School,Meadowbank,NSW,2114,Secondary,Gov,Open,Major Cities,41327,88103,-33.812981,151.092237,000008225
41163,Matraville Sports High School,Chifley,NSW,2036,Secondary,Gov,Open,Major Cities,41163,46423,-33.9647,151.245,000008249
53327,Melonba High School,Melonba,NSW,2765,Secondary,Gov,Open,Major Cities,53327,88927,-33.69971733,150.8019513,000008921
42403,Melville High School,Kempsey,NSW,2440,Secondary,Gov,Open,Inner Regional,42403,49625,-31.0905,152.824,000008566
41185,Menai High School,Menai,NSW,2234,Secondary,Gov,Open,Major Cities,41185,46137,-34.0029,151.024,000008583
43009,Mendooran Central School,Mendooran,NSW,2842,Combined,Gov,Open,Outer Regional,43009,51065,-31.8187,149.122,000002522
43010,Menindee Central School,Menindee,NSW,2879,Combined,Gov,Open,Very Remote,43010,46484,-32.3934,142.413,000002523
42124,Merewether High School,Broadmeadow,NSW,2292,Secondary,Gov,Open,Major Cities,42124,49105,-32.9297,151.735,000008510
41933,Merriwa Central School,Merriwa,NSW,2329,Combined,Gov,Open,Outer Regional,41933,49313,-32.1451,150.353,000002528
41568,Merrylands High School,Merrylands,NSW,2160,Secondary,Gov,Open,Major Cities,41568,48141,-33.8408,150.97,000008227
41584,Miller High School,Miller,NSW,2168,Secondary,Gov,Open,Major Cities,41584,46385,-33.9236,150.881,000008394
41821,Mitchell High School,Blacktown,NSW,2148,Secondary,Gov,Open,Major Cities,41821,47837,-33.7848,150.916,000008403
41832,Model Farms High School,Baulkham Hills,NSW,2153,Secondary,Gov,Open,Major Cities,41832,47859,-33.7694,150.971,000008499
43012,Molong Central School,Molong,NSW,2866,Combined,Gov,Open,Inner Regional,43012,51090,-33.098,148.864,000002590
42910,Monaro High School,Cooma North,NSW,2630,Secondary,Gov,Open,Inner Regional,42910,50431,-36.2167,149.134,000008196
41596,Moorebank High School,Moorebank,NSW,2170,Secondary,Gov,Open,Major Cities,41596,46386,-33.9258,150.959,000008501
41160,Moorefield Girls High School,Kogarah,NSW,2217,Secondary,Gov,Open,Major Cities,41160,48624,-33.9683,151.138,000008241
40437,Moree Secondary College,Moree,NSW,2400,Secondary,Gov,Open,Outer Regional,40437,46407,-29.482,149.84,000008325
42112,Morisset High School,Morisset,NSW,2264,Secondary,Gov,Open,Major Cities,42112,46346,-33.1047,151.487,000008413
42916,Moruya High School,Moruya,NSW,2537,Secondary,Gov,Open,Inner Regional,42916,50060,-35.9202,150.08,000008368
41331,Mosman High School,Mosman,NSW,2088,Secondary,Gov,Open,Major Cities,41331,47689,-33.8297,151.243,000008326
42917,Moss Vale High School,Moss Vale,NSW,2577,Secondary,Gov,Open,Inner Regional,42917,50247,-34.5515,150.385,000008388
41579,Mount Annan High School,Mount Annan,NSW,2567,Secondary,Gov,Open,Major Cities,41579,57057,-34.0574,150.761,000008286
42707,Mount Austin High School,Wagga Wagga,NSW,2650,Secondary,Gov,Open,Inner Regional,42707,46417,-35.1416,147.354,000008407
42132,Mount View High School,Cessnock West,NSW,2325,Secondary,Gov,Open,Major Cities,42132,54958,-32.828,151.333,000008574
43100,Mudgee High School,Mudgee,NSW,2850,Secondary,Gov,Open,Inner Regional,43100,51078,-32.5978,149.584,000008128
41346,Muirfield High School,North Rocks,NSW,2151,Secondary,Gov,Open,Major Cities,41346,47847,-33.7647,151.022,000008498
42382,Mullumbimby High School,Mullumbimby,NSW,2482,Secondary,Gov,Open,Inner Regional,42382,49905,-28.5586,153.495,000008193
42923,Mulwaree High School,Goulburn,NSW,2580,Secondary,Gov,Open,Inner Regional,42923,50263,-34.7282,149.73,000008468
42458,Mungindi Central School,Mungindi,NSW,2406,Combined,Gov,Open,Remote,42458,46408,-28.9802,148.991,000002675
42714,Murray High School,Lavington,NSW,2641,Secondary,Gov,Open,Inner Regional,42714,50449,-36.0352,146.946,000008505
42690,Murrumbidgee Regional High School - Griffith,Griffith,NSW,2680,Secondary,Gov,Open,Outer Regional,42690,46477,-34.292249,146.039628,000008118
42711,Murrumbidgee Regional High School - Wade,Griffith,NSW,2680,Secondary,Gov,Open,Outer Regional,42711,50547,-34.282315,146.070718,000008470
42703,Murrumburrah High School,Harden,NSW,2587,Secondary,Gov,Open,Inner Regional,42703,46418,-34.5592,148.37,000008328
42376,Murwillumbah High School,Murwillumbah,NSW,2484,Secondary,Gov,Open,Inner Regional,42376,49916,-28.33466443,153.3905822,000008129
42093,Muswellbrook High School,Muswellbrook,NSW,2333,Secondary,Gov,Open,Inner Regional,42093,46400,-32.2687,150.898,000008164
42407,Nambucca Heads High School,Nambucca Heads,NSW,2448,Secondary,Gov,Open,Inner Regional,42407,54693,-30.6408,152.985,000008595
42134,Narara Valley High School,Narara,NSW,2250,Secondary,Gov,Open,Major Cities,42134,54694,-33.3984,151.334,000008591
42931,Narooma High School,Narooma,NSW,2546,Secondary,Gov,Open,Outer Regional,42931,46376,-36.2355,150.129,000008536
41348,Narrabeen Sports High School,North Narrabeen,NSW,2101,Secondary,Gov,Open,Major Cities,41348,88746,-33.7009,151.298,000008512
42519,Narrabri High School,Narrabri,NSW,2390,Secondary,Gov,Open,Outer Regional,42519,46409,-30.3355,149.783,000008170
42696,Narrandera High School,Narrandera,NSW,2700,Secondary,Gov,Open,Outer Regional,42696,46479,-34.7442,146.567,000008157
43118,Narromine High School,Narromine,NSW,2821,Secondary,Gov,Open,Outer Regional,43118,51032,-32.2297,148.243,000008462
41816,Nepean Creative and Performing Arts High School,Emu Plains,NSW,2750,Secondary,Gov,Open,Major Cities,41816,50709,-33.7477,150.669,000008383
42123,Newcastle High School,Hamilton,NSW,2303,Secondary,Gov,Open,Major Cities,42123,49142,-32.9317,151.758,000008509
41180,Newtown High School of Performing Arts,Newtown,NSW,2042,Secondary,Gov,Open,Major Cities,41180,46498,-33.8995,151.178,000008530
42268,Nimbin Central School,Nimbin,NSW,2480,Combined,Gov,Open,Inner Regional,42268,54978,-28.5959,153.221,000002751
41325,Normanhurst Boys High School,Normanhurst,NSW,2076,Secondary,Gov,Open,Major Cities,41325,47666,-33.7215,151.101,000008211
41320,North Sydney Boys High School,Crows Nest,NSW,2065,Secondary,Gov,Open,Major Cities,41320,47614,-33.8296,151.207,000008132
41321,North Sydney Girls High School,Crows Nest,NSW,2065,Secondary,Gov,Open,Major Cities,41321,47615,-33.8302,151.203,000008133
41352,Northern Beaches Secondary College Balgowlah Boys Campus,Balgowlah,NSW,2093,Secondary,Gov,Open,Major Cities,41352,7692,-33.7964,151.255,000008851
41347,Northern Beaches Secondary College Cromer Campus,Cromer,NSW,2099,Secondary,Gov,Open,Major Cities,41347,7701,-33.7378,151.284,000008511
40496,Northern Beaches Secondary College Freshwater Senior Campus,Freshwater,NSW,2096,Secondary,Gov,Open,Major Cities,40496,47710,-33.7683,151.28,000008568
41351,Northern Beaches Secondary College Mackellar Girls Campus,Manly Vale,NSW,2093,Secondary,Gov,Open,Major Cities,41351,7695,-33.7821,151.272,000008831
41349,Northern Beaches Secondary College Manly Campus,North Curl Curl,NSW,2099,Secondary,Gov,Open,Major Cities,41349,7704,-33.7624,151.281,000008567
42128,Northlakes High School,San Remo,NSW,2262,Secondary,Gov,Open,Major Cities,42128,46372,-33.2168,151.513,000008547
41809,Northmead Creative and Performing Arts High School,Northmead,NSW,2152,Secondary,Gov,Open,Major Cities,41809,47850,-33.7881,151,000008229
42911,Nowra High School,Nowra,NSW,2541,Secondary,Gov,Open,Inner Regional,42911,54945,-34.87139,150.61025,000008201
40795,NSW School of Languages,Petersham,NSW,2049,Secondary,Gov,Open,Major Cities,40795,86657,-33.8948,151.15,000008588
43111,Nyngan High School,Nyngan,NSW,2825,Secondary,Gov,Open,Remote,43111,46454,-31.5614,147.189,000008353
42939,Oak Flats High School,Oak Flats,NSW,2529,Secondary,Gov,Open,Major Cities,42939,46502,-34.5597,150.834,000008906
42615,Oaklands Central School,Oaklands,NSW,2646,Combined,Gov,Open,Outer Regional,42615,46513,-35.5527,146.172,000002791
43126,Oberon High School,Oberon,NSW,2787,Secondary,Gov,Open,Inner Regional,43126,56254,-33.7017,149.861,000008598
40754,Observatory Hill Environmental Education Centre,The Rocks,NSW,2000,Combined,Gov,Open,Major Cities,40754,86656,-33.8594,151.207,000005745
52828,Oran Park High School,Oran Park,NSW,2570,Secondary,Gov,Open,Major Cities,52828,86431,-33.99868496,150.7363749,000008916
43101,Orange High School,Orange,NSW,2800,Secondary,Gov,Open,Inner Regional,43101,51011,-33.2804,149.084,000008134
42397,Orara High School,Coffs Harbour,NSW,2450,Secondary,Gov,Open,Inner Regional,42397,49662,-30.2828,153.113,000008469
42524,Oxley High School,North Tamworth,NSW,2340,Secondary,Gov,Open,Inner Regional,42524,49349,-31.0779,150.939,000008455
43102,Parkes High School,Parkes,NSW,2870,Secondary,Gov,Open,Outer Regional,43102,51096,-33.1388,148.18,000008146
41804,Parramatta High School,Parramatta,NSW,2150,Secondary,Gov,Open,Major Cities,41804,47844,-33.8179,150.996,000008135
43025,Peak Hill Central School,Peak Hill,NSW,2869,Combined,Gov,Open,Outer Regional,43025,51092,-32.7289,148.192,000002848
42529,Peel High School,Tamworth,NSW,2340,Secondary,Gov,Open,Inner Regional,42529,49351,-31.0998,150.893,000008525
41818,Pendle Hill High School,Wentworthville,NSW,2145,Secondary,Gov,Open,Major Cities,41818,47809,-33.7952,150.962,000008395
41340,Pennant Hills High School,Pennant Hills,NSW,2120,Secondary,Gov,Open,Major Cities,41340,47762,-33.7337,151.061,000008438
41806,Penrith High School,Penrith,NSW,2750,Secondary,Gov,Open,Major Cities,41806,50712,-33.7566,150.706,000008163
40755,Penrith Lakes Environmental Education Centre,Castlereagh,NSW,2749,Combined,Gov,Open,Major Cities,40755,64087,-33.7272,150.683,000005752
41581,Picnic Point High School,Picnic Point,NSW,2213,Secondary,Gov,Open,Major Cities,41581,46336,-33.9643,151.011,000008377
41565,Picton High School,Picton,NSW,2571,Secondary,Gov,Open,Inner Regional,41565,50230,-34.1945,150.608,000008215
41333,Pittwater High School,Mona Vale,NSW,2103,Secondary,Gov,Open,Major Cities,41333,47716,-33.6683,151.303,000008379
41834,Plumpton High School,Plumpton,NSW,2761,Secondary,Gov,Open,Major Cities,41834,57849,-33.7481,150.835,000008514
41157,Port Hacking High School,Miranda,NSW,2228,Secondary,Gov,Open,Major Cities,41157,48648,-34.0326,151.098,000008230
43029,Portland Central School,Portland,NSW,2847,Combined,Gov,Open,Inner Regional,43029,46350,-33.3548,149.98,000002897
41604,Prairiewood High School,Prairiewood,NSW,2176,Secondary,Gov,Open,Major Cities,41604,54946,-33.85948,150.902,000008560
41559,Punchbowl Boys High School,Punchbowl,NSW,2196,Secondary,Gov,Open,Major Cities,41559,46341,-33.924,151.053,000008184
41846,Quakers Hill High School,Quakers Hill,NSW,2763,Secondary,Gov,Open,Major Cities,41846,14696,-33.7298,150.896,000008594
42914,Queanbeyan High School,Queanbeyan,NSW,2620,Secondary,Gov,Open,Major Cities,42914,50407,-35.3532,149.22,000008216
42520,Quirindi High School,Quirindi,NSW,2343,Secondary,Gov,Open,Outer Regional,42520,46410,-31.5016,150.68,000008174
53398,Randwick High School,Randwick,NSW,2031,Secondary,Gov,Open,Major Cities,53398,46463,-33.92338729,151.2392793,000008926
40741,Red Hill Environmental Education Centre,Gulgong,NSW,2852,Combined,Gov,Open,Outer Regional,40741,63688,-32.3646,149.536,000005750
41807,Richmond High School,Richmond,NSW,2753,Secondary,Gov,Open,Major Cities,41807,50730,-33.6005,150.747,000008178
40756,Riverina Environmental Education Centre,Wagga Wagga,NSW,2650,Combined,Gov,Open,Inner Regional,40756,64088,-35.1294,147.31,000005734
41329,Riverside Girls High School,Gladesville,NSW,2111,Secondary,Gov,Open,Major Cities,41329,54236,-33.8401,151.141,000008243
41850,Riverstone High School,Riverstone,NSW,2765,Secondary,Gov,Open,Major Cities,41850,6398,-33.6789,150.876,000008907
41608,Robert Townson High School,Raby,NSW,2566,Secondary,Gov,Open,Major Cities,41608,56171,-34.0153,150.818,000008575
41851,Rooty Hill High School,Rooty Hill,NSW,2766,Secondary,Gov,Open,Major Cities,41851,46358,-33.7708,150.838,000008908
41183,Rose Bay Secondary College,Dover Heights,NSW,2030,Secondary,Gov,Open,Major Cities,41183,46928,-33.8783,151.276,000008555
41815,Rouse Hill High School,Rouse Hill,NSW,2155,Secondary,Gov,Open,Major Cities,41815,66004,-33.6859,150.932,000008291
40757,Royal National Park Environmental Education Centre,Audley,NSW,2232,Combined,Gov,Open,Inner Regional,40757,64089,-34.0642,151.058,000005691
40758,Rumbalara Environmental Education Centre,Gosford,NSW,2250,Combined,Gov,Open,Major Cities,40758,64090,-33.4281,151.347,000005740
42131,Rutherford Technology High School,Rutherford,NSW,2320,Secondary,Gov,Open,Major Cities,42131,56270,-32.7112,151.531,000008572
41336,Ryde Secondary College,Ryde,NSW,2112,Secondary,Gov,Open,Major Cities,41336,47731,-33.8133,151.119,000008415
41602,Sarah Redfern High School,Minto,NSW,2566,Secondary,Gov,Open,Major Cities,41602,56314,-34.0268,150.851,000008551
42110,Scone High School,Scone,NSW,2337,Secondary,Gov,Open,Inner Regional,42110,46401,-32.0564,150.872,000008409
53055,Secondary College of Languages,Parramatta,NSW,2150,Combined,Gov,Open,Major Cities,53055,,-33.81369267,151.0081765,000008600
41576,Sefton High School,Sefton,NSW,2162,Secondary,Gov,Open,Major Cities,41576,46470,-33.8795,151.009,000008265
41810,Seven Hills High School,Seven Hills,NSW,2147,Secondary,Gov,Open,Major Cities,41810,6399,-33.7627,150.945,000008231
42934,Shoalhaven High School,Nowra,NSW,2541,Secondary,Gov,Open,Inner Regional,42934,46389,-34.8973,150.61,000008561
42096,Singleton High School,Singleton,NSW,2330,Secondary,Gov,Open,Inner Regional,42096,49322,-32.5697,151.178,000008202
41569,Sir Joseph Banks High School,Revesby,NSW,2212,Secondary,Gov,Open,Major Cities,41569,48614,-33.9397,151.021,000008250
42933,Smiths Hill High School,Wollongong,NSW,2500,Secondary,Gov,Open,Major Cities,42933,46369,-34.4189,150.896,000008542
42394,South Grafton High School,South Grafton,NSW,2460,Secondary,Gov,Open,Inner Regional,42394,46444,-29.7142,152.929,000008406
41182,South Sydney High School,Maroubra,NSW,2035,Secondary,Gov,Open,Major Cities,41182,47565,-33.9442,151.234,000008545
52670,Southern Cross School of Distance Education,East Ballina,NSW,2478,Combined,Gov,Open,Inner Regional,52670,68862,-28.8508,153.586,000004659
41825,Springwood High School,Springwood,NSW,2777,Secondary,Gov,Open,Major Cities,41825,50843,-33.6851,150.551,000008446
41842,St Clair High School,St Clair,NSW,2759,Secondary,Gov,Open,Major Cities,41842,50719,-33.7939,150.787,000008571
41148,St George Girls High School,Kogarah,NSW,2217,Secondary,Gov,Open,Major Cities,41148,48628,-33.9591,151.136,000008136
41335,St Ives High School,St Ives,NSW,2075,Secondary,Gov,Open,Major Cities,41335,47638,-33.7401,151.167,000008400
41598,St Johns Park High School,St Johns Park,NSW,2176,Secondary,Gov,Open,Major Cities,41598,46387,-33.8731,150.892,000008531
40438,St Marys Senior High School,St Marys,NSW,2760,Secondary,Gov,Open,Major Cities,40438,46426,-33.7631,150.77,000008870
41556,Strathfield Girls High School,Strathfield,NSW,2135,Secondary,Gov,Open,Major Cities,41556,46428,-33.8739,151.085,000008169
41570,Strathfield South High School,Enfield,NSW,2136,Secondary,Gov,Open,Major Cities,41570,47781,-33.8854,151.071,000008252
42107,Swansea High School,Caves Beach,NSW,2281,Secondary,Gov,Open,Major Cities,42107,46492,-33.1042,151.64,000008389
41149,Sydney Boys High School,Moore Park,NSW,2021,Secondary,Gov,Open,Major Cities,41149,45328,-33.8922,151.219,000008137
41186,Sydney Distance Education High School,Woolloomooloo,NSW,2011,Secondary,Gov,Open,Major Cities,41186,56692,-33.8711,151.221,000008587
41150,Sydney Girls High School,Surry Hills,NSW,2010,Secondary,Gov,Open,Major Cities,41150,45329,-33.8942,151.22,000008138
41176,Sydney Secondary College Balmain Campus,Rozelle,NSW,2039,Secondary,Gov,Open,Major Cities,41176,46493,-33.8585,151.17,000008484
40441,Sydney Secondary College Blackwattle Bay Campus,Glebe,NSW,2037,Secondary,Gov,Open,Major Cities,40441,6496,-33.8751,151.188,000008539
41179,Sydney Secondary College Leichhardt Campus,Leichhardt,NSW,2040,Secondary,Gov,Open,Major Cities,41179,6497,-33.8795,151.159,000008507
41151,Sydney Technical High School,Bexley,NSW,2207,Secondary,Gov,Open,Major Cities,41151,48595,-33.9631,151.114,000008141
41175,Sylvania High School,Sylvania,NSW,2224,Secondary,Gov,Open,Major Cities,41175,48639,-34.0174,151.104,000008463
42518,Tamworth High School,South Tamworth,NSW,2340,Secondary,Gov,Open,Inner Regional,42518,49353,-31.1058,150.917,000008139
42377,Taree High School,Taree,NSW,2430,Secondary,Gov,Open,Inner Regional,42377,46430,-31.9099,152.464,000008140
42697,Temora High School,Temora,NSW,2666,Secondary,Gov,Open,Outer Regional,42697,50524,-34.4419,147.54,000008168
41178,Tempe High School,Tempe,NSW,2044,Secondary,Gov,Open,Major Cities,41178,46424,-33.9198,151.161,000008506
42523,Tenterfield High School,Tenterfield,NSW,2372,Secondary,Gov,Open,Outer Regional,42523,49427,-29.0537,152.017,000008358
42126,Terrigal High School,Terrigal,NSW,2260,Secondary,Gov,Open,Major Cities,42126,48722,-33.4422,151.429,000008533
40742,Thalgarrah Environmental Education Centre,Armidale,NSW,2350,Combined,Gov,Open,Outer Regional,40742,63762,-30.4479,151.825,000005680
41332,The Forest High School,Frenchs Forest,NSW,2086,Secondary,Gov,Open,Major Cities,41332,47683,-33.7503,151.23,000008372
43106,The Henry Lawson High School,Grenfell,NSW,2810,Secondary,Gov,Open,Outer Regional,43106,51027,-33.9027,148.163,000008314
41822,The Hills Sports High School,Seven Hills,NSW,2147,Secondary,Gov,Open,Major Cities,41822,47818,-33.7822,150.939,000008412
41191,The Jannali High School,Jannali,NSW,2226,Secondary,Gov,Open,Major Cities,41191,57488,-34.0157,151.062,000008852
51473,The Ponds High School,The Ponds,NSW,2769,Secondary,Gov,Open,Major Cities,51473,70233,-33.70325657,150.8962863,000008911
42398,"The Rivers Secondary College, Kadina High Campus",Goonellabah,NSW,2480,Secondary,Gov,Open,Inner Regional,42398,9808,-28.8179,153.339,000008520
42375,"The Rivers Secondary College, Lismore High Campus",Lismore,NSW,2480,Secondary,Gov,Open,Inner Regional,42375,49814,-28.8208,153.297,000008124
42384,"The Rivers Secondary College, Richmond River High Campus",North Lismore,NSW,2480,Secondary,Gov,Open,Inner Regional,42384,9834,-28.7988,153.28,000008214
42619,The Rock Central School,The Rock,NSW,2655,Combined,Gov,Open,Inner Regional,42619,50508,-35.2663,147.115,000002976
41611,Thomas Reddall High School,Ambarvale,NSW,2560,Secondary,Gov,Open,Major Cities,41611,54975,-34.0818,150.803,000008589
42121,Tomaree High School,Salamander Bay,NSW,2317,Secondary,Gov,Open,Inner Regional,42121,57492,-32.7359,152.112,000008502
42629,Tooleybuc Central School,Tooleybuc,NSW,2736,Combined,Gov,Open,Outer Regional,42629,46514,-35.0266,143.338,000003235
42399,Toormina High School,Toormina,NSW,2452,Secondary,Gov,Open,Inner Regional,42399,49670,-30.351,153.084,000008527
42137,Toronto High School,Toronto,NSW,2283,Secondary,Gov,Open,Major Cities,42137,46347,-33.0088,151.582,000008909
43040,Tottenham Central School,Tottenham,NSW,2873,Combined,Gov,Open,Remote,43040,46485,-32.2455,147.352,000003249
43041,Trangie Central School,Trangie,NSW,2823,Combined,Gov,Open,Outer Regional,43041,46455,-32.0325,147.979,000003254
43042,Trundle Central School,Trundle,NSW,2875,Combined,Gov,Open,Outer Regional,43042,51104,-32.9254,147.709,000003259
42130,Tuggerah Lakes Secondary College Berkeley Vale Campus,Berkeley Vale,NSW,2261,Secondary,Gov,Open,Major Cities,42130,14976,-33.3417,151.425,000008563
42116,Tuggerah Lakes Secondary College The Entrance Campus,Long Jetty,NSW,2261,Secondary,Gov,Open,Major Cities,42116,48727,-33.3713,151.477,000008465
42102,Tuggerah Lakes Secondary College Tumbi Umbi Campus,Tumbi Umbi,NSW,2261,Secondary,Gov,Open,Major Cities,42102,15387,-33.3956,151.454,000008274
43044,Tullamore Central School,Tullamore,NSW,2874,Combined,Gov,Open,Outer Regional,43044,51103,-32.6368,147.566,000003270
42630,Tullibigeal Central School,Tullibigeal,NSW,2669,Combined,Gov,Open,Remote,42630,50533,-33.4229,146.723,000003272
42709,Tumbarumba High School,Tumbarumba,NSW,2653,Secondary,Gov,Open,Outer Regional,42709,46379,-35.7831,148.018,000008450
42704,Tumut High School,Tumut,NSW,2720,Secondary,Gov,Open,Inner Regional,42704,46419,-35.3122,148.219,000008343
41339,Turramurra High School,South Turramurra,NSW,2074,Secondary,Gov,Open,Major Cities,41339,47634,-33.7573,151.115,000008435
42391,Tweed River High School,Tweed Heads South,NSW,2486,Secondary,Gov,Open,Major Cities,42391,46475,-28.1957,153.541,000008370
42929,Ulladulla High School,Ulladulla,NSW,2539,Secondary,Gov,Open,Inner Regional,42929,50063,-35.3582,150.47,000008495
42633,Ungarie Central School,Ungarie,NSW,2669,Combined,Gov,Open,Outer Regional,42633,50534,-33.638,146.978,000003311
42496,Uralla Central School,Uralla,NSW,2358,Combined,Gov,Open,Inner Regional,42496,49395,-30.6415,151.494,000003864
42937,Vincentia High School,Vincentia,NSW,2540,Secondary,Gov,Open,Inner Regional,42937,54663,-35.0777,150.663,000008593
42103,Wadalba Community School,Wadalba,NSW,2259,Combined,Gov,Open,Major Cities,42103,56643,-33.2648,151.467,000008278
42692,Wagga Wagga High School,Wagga Wagga,NSW,2650,Secondary,Gov,Open,Inner Regional,42692,50490,-35.1244,147.364,000008142
42481,Walcha Central School,Walcha,NSW,2354,Combined,Gov,Open,Outer Regional,42481,46439,-30.9818,151.604,000003340
43119,Walgett Community College - High School,Walgett,NSW,2832,Secondary,Gov,Open,Remote,43119,46411,-30.0271,148.119,000008475
40759,Wambangalang Environmental Education Centre,Dubbo,NSW,2830,Combined,Gov,Open,Outer Regional,40759,64091,-32.488,148.555,000005681
42528,Warialda High School,Warialda,NSW,2402,Secondary,Gov,Open,Outer Regional,42528,49504,-29.5479,150.575,000008519
42919,Warilla High School,Barrack Heights,NSW,2528,Secondary,Gov,Open,Major Cities,42919,46503,-34.5652,150.858,000008418
42115,Warners Bay High School,Warners Bay,NSW,2282,Secondary,Gov,Open,Major Cities,42115,48961,-32.9677,151.654,000008440
42925,Warrawong High School,Warrawong,NSW,2502,Secondary,Gov,Open,Major Cities,42925,46370,-34.4802,150.875,000008480
43049,Warren Central School,Warren,NSW,2824,Combined,Gov,Open,Outer Regional,43049,46460,-31.7051,147.837,000003392
40760,Warrumbungle National Park Environmental Education Centre,Coonabarabran,NSW,2357,Combined,Gov,Open,Outer Regional,40760,64092,-31.25459,148.981077,000005732
42380,Wauchope High School,Wauchope,NSW,2446,Secondary,Gov,Open,Inner Regional,42380,46365,-31.4509,152.731,000008173
42522,Wee Waa High School,Wee Waa,NSW,2388,Secondary,Gov,Open,Outer Regional,42522,56292,-30.2198,149.457,000008270
43105,Wellington High School,Wellington,NSW,2820,Secondary,Gov,Open,Outer Regional,43105,46456,-32.5467,148.948,000008197
53397,Wentworth Point High School,Wentworth Point,NSW,2127,Secondary,Gov,Open,Major Cities,53397,89446,-33.82373211,151.0815897,000008918
42111,West Wallsend High School,West Wallsend,NSW,2286,Secondary,Gov,Open,Major Cities,42111,46442,-32.9109,151.582,000008411
42706,West Wyalong High School,West Wyalong,NSW,2671,Secondary,Gov,Open,Outer Regional,42706,50537,-33.9158,147.202,000008392
41582,Westfields Sports High School,Fairfield West,NSW,2165,Secondary,Gov,Open,Major Cities,41582,48161,-33.8684,150.92,000008384
42108,Whitebridge High School,Whitebridge,NSW,2290,Secondary,Gov,Open,Major Cities,42108,49093,-32.972,151.712,000008390
43054,Wilcannia Central School,Wilcannia,NSW,2836,Combined,Gov,Open,Very Remote,43054,46486,-31.5585,143.376,000003442
41615,Wiley Park Girls High School,Punchbowl,NSW,2196,Secondary,Gov,Open,Major Cities,41615,46338,-33.9242,151.067,000008888
41322,Willoughby Girls High School,Willoughby,NSW,2068,Secondary,Gov,Open,Major Cities,41322,47622,-33.8031,151.2,000008159
43120,Willyama High School,Broken Hill,NSW,2880,Secondary,Gov,Open,Outer Regional,43120,46487,-31.9366,141.473,000008491
41819,Windsor High School,Mcgraths Hill,NSW,2756,Secondary,Gov,Open,Major Cities,41819,50753,-33.6187,150.834,000008396
42393,Wingham High School,Wingham,NSW,2429,Secondary,Gov,Open,Inner Regional,42393,49543,-31.8674,152.382,000008391
41843,Winmalee High School,Winmalee,NSW,2777,Secondary,Gov,Open,Major Cities,41843,54956,-33.676,150.615,000008573
42906,Wollongong High School of the Performing Arts,Fairy Meadow,NSW,2519,Secondary,Gov,Open,Major Cities,42906,50004,-34.4058,150.89,000008143
42408,Wollumbin High School,Murwillumbah,NSW,2484,Secondary,Gov,Open,Inner Regional,42408,54692,-28.335035,153.363153,000008596
42320,Woodenbong Central School,Woodenbong,NSW,2476,Combined,Gov,Open,Outer Regional,42320,46446,-28.3897,152.61,000003491
40762,Wooglemai Environmental Education Centre,Oakdale,NSW,2570,Combined,Gov,Open,Inner Regional,40762,64094,-34.1346,150.499,000005667
42401,Woolgoolga High School,Woolgoolga,NSW,2456,Secondary,Gov,Open,Inner Regional,42401,49682,-30.1004,153.19,000008548
41173,Woolooware High School,Woolooware,NSW,2230,Secondary,Gov,Open,Major Cities,41173,48659,-34.0398,151.146,000008433
42918,Woonona High School,Woonona,NSW,2517,Secondary,Gov,Open,Major Cities,42918,46435,-34.3448,150.909,000008410
40646,Wyndham College,Quakers Hill,NSW,2763,Secondary,Gov,Open,Major Cities,40646,56110,-33.726,150.88,000008277
42094,Wyong High School,Wyong,NSW,2259,Secondary,Gov,Open,Major Cities,42094,46373,-33.2813,151.418,000008166
42693,Yanco Agricultural High School,Yanco,NSW,2703,Secondary,Gov,Open,Outer Regional,42693,50554,-34.6322,146.384,000008144
42915,Yass High School,Yass,NSW,2582,Secondary,Gov,Open,Inner Regional,42915,50279,-34.8355,148.911,000008334
43061,Yeoval Central School,Yeoval,NSW,2868,Combined,Gov,Open,Outer Regional,43061,46457,-32.7544,148.65,000003555
42694,Young High School,Young,NSW,2594,Secondary,Gov,Open,Inner Regional,42694,50298,-34.3171,148.292,000008155